2025-10-16,21:13:27,ToCity
2025-10-16,21:13:35,Date
2025-10-16,21:13:41,FindButton
2025-10-16,21:13:48,Price
2025-10-16,21:13:55,ToCity
2025-10-16,21:14:03,FindButton
2025-10-16,21:14:10,Price
2025-10-16,21:14:17,ToCity
2025-10-16,21:14:25,FindButton
2025-10-16,21:14:32,Price
2025-10-16,21:14:39,ToCity
2025-10-16,21:14:46,FindButton
2025-10-16,21:14:53,Price
2025-10-16,21:15:00,ToCity
2025-10-16,21:15:08,FindButton
2025-10-16,21:15:15,Price
2025-10-16,21:15:22,ToCity
2025-10-16,21:15:30,FindButton
2025-10-16,21:15:37,Price
2025-10-16,21:15:44,ToCity
2025-10-16,21:15:51,FindButton
2025-10-16,21:15:58,Price
2025-10-16,21:16:05,ToCity
2025-10-16,21:16:13,FindButton
2025-10-16,21:16:20,Price
2025-10-16,21:16:27,ToCity
2025-10-16,21:16:34,FindButton
2025-10-16,21:16:41,Price
2025-10-16,21:16:49,ToCity
2025-10-16,21:16:56,FindButton
2025-10-16,21:17:03,Price
2025-10-16,21:17:10,ToCity
2025-10-16,21:17:18,FindButton
2025-10-16,21:17:25,Price
2025-10-16,21:17:32,ToCity
2025-10-16,21:17:40,FindButton
2025-10-16,21:17:47,Price
2025-10-16,21:17:54,ToCity
2025-10-16,21:18:01,FindButton
2025-10-16,21:18:08,Price
2025-10-16,21:18:16,ToCity
2025-10-16,21:18:23,FindButton
2025-10-16,21:18:30,Price
2025-10-16,21:18:37,ToCity
2025-10-16,21:18:45,FindButton
2025-10-16,21:18:52,Price
2025-10-16,21:18:59,ToCity
2025-10-16,21:19:06,FindButton
2025-10-16,21:19:13,Price
2025-10-16,21:19:20,ToCity
2025-10-16,21:19:28,FindButton
2025-10-16,21:19:35,Price
2025-10-16,21:19:42,ToCity
2025-10-16,21:19:49,FindButton
2025-10-16,21:19:57,Price
2025-10-16,21:20:04,ToCity
2025-10-16,21:20:11,FindButton
2025-10-16,21:20:18,Price
2025-10-16,21:20:25,ToCity
2025-10-16,21:20:32,FindButton
2025-10-16,21:20:40,Price
2025-10-16,21:20:47,ToCity
2025-10-16,21:20:54,FindButton
2025-10-16,21:21:01,Price
2025-10-16,21:21:08,ToCity
2025-10-16,21:21:16,FindButton
2025-10-16,21:21:23,Price
2025-10-16,21:21:30,ToCity
2025-10-16,21:21:37,FindButton
2025-10-16,21:21:44,Price
2025-10-16,21:21:51,ToCity
2025-10-16,21:21:59,FindButton
2025-10-16,21:22:06,Price
2025-10-16,21:22:13,ToCity
2025-10-16,21:22:20,FindButton
2025-10-16,21:22:28,Price
2025-10-16,21:22:35,ToCity
2025-10-16,21:22:42,FindButton
2025-10-16,21:22:49,Price
2025-10-16,21:22:56,ToCity
2025-10-16,21:23:03,FindButton
2025-10-16,21:23:11,Price
2025-10-16,21:23:18,ToCity
2025-10-16,21:23:25,FindButton
2025-10-16,21:23:32,Price
2025-10-16,21:23:39,ToCity
2025-10-16,21:23:47,FindButton
2025-10-16,21:23:54,Price
2025-10-16,21:24:01,ToCity
2025-10-16,21:24:08,FindButton
2025-10-16,21:24:15,Price
2025-10-16,21:24:22,ToCity
2025-10-16,21:24:30,FindButton
2025-10-16,21:24:37,Price
2025-10-16,21:24:44,ToCity
2025-10-16,21:24:51,FindButton
2025-10-16,21:24:58,Price
2025-10-16,21:25:05,ToCity
2025-10-16,21:25:13,FindButton
2025-10-16,21:25:20,Price
2025-10-16,21:25:27,ToCity
2025-10-16,21:25:35,FindButton
2025-10-16,21:25:42,Price
2025-10-16,21:25:49,ToCity
2025-10-16,21:25:56,FindButton
2025-10-16,21:26:04,Price
2025-10-16,21:26:11,ToCity
2025-10-16,21:26:18,FindButton
2025-10-16,21:26:25,Price
2025-10-16,21:26:32,ToCity
2025-10-16,21:26:40,FindButton
2025-10-16,21:26:47,Price
2025-10-16,21:26:54,ToCity
2025-10-16,21:27:01,FindButton
2025-10-16,21:27:08,Price
2025-10-16,21:27:15,ToCity
2025-10-16,21:27:23,FindButton
2025-10-16,21:27:30,Price
